<?xml version="1.0" encoding="UTF-8"?>
<project-private xmlns="http://www.netbeans.org/ns/project-private/1">
    <editor-bookmarks xmlns="http://www.netbeans.org/ns/editor-bookmarks/2" lastBookmarkId="0"/>
    <open-files xmlns="http://www.netbeans.org/ns/projectui-open-files/2">
        <group>
            <file>file:/C:/Users/santi/OneDrive/Desktop/EDD_Sección%203_Proyecto%201_Feliciani,%20Fermoso,%20Oliveros/src/interfaz/AgregarCiudad.java</file>
            <file>file:/C:/Users/santi/OneDrive/Desktop/EDD_Sección%203_Proyecto%201_Feliciani,%20Fermoso,%20Oliveros/src/interfaz/Home.java</file>
            <file>file:/C:/Users/santi/OneDrive/Desktop/EDD_Sección%203_Proyecto%201_Feliciani,%20Fermoso,%20Oliveros/src/Proyecto1_FelicianiFermosoOliveros/Grafo.java</file>
            <file>file:/C:/Users/santi/OneDrive/Desktop/EDD_Sección%203_Proyecto%201_Feliciani,%20Fermoso,%20Oliveros/src/Proyecto1_FelicianiFermosoOliveros/Lista.java</file>
            <file>file:/C:/Users/santi/OneDrive/Desktop/EDD_Sección%203_Proyecto%201_Feliciani,%20Fermoso,%20Oliveros/src/Proyecto1_FelicianiFermosoOliveros/Hormiga.java</file>
            <file>file:/C:/Users/santi/OneDrive/Desktop/EDD_Sección%203_Proyecto%201_Feliciani,%20Fermoso,%20Oliveros/src/lectortxt/lectorTxt.java</file>
            <file>file:/C:/Users/santi/OneDrive/Desktop/EDD_Sección%203_Proyecto%201_Feliciani,%20Fermoso,%20Oliveros/src/Proyecto1_FelicianiFermosoOliveros/EDD_Seccion3_Proyecto1_Feliciani_Fermoso_Oliveros.java</file>
            <file>file:/C:/Users/santi/OneDrive/Desktop/EDD_Sección%203_Proyecto%201_Feliciani,%20Fermoso,%20Oliveros/src/interfaz/CargarGrafo.java</file>
            <file>file:/C:/Users/santi/OneDrive/Desktop/EDD_Sección%203_Proyecto%201_Feliciani,%20Fermoso,%20Oliveros/src/Proyecto1_FelicianiFermosoOliveros/Nodo.java</file>
            <file>file:/C:/Users/santi/OneDrive/Desktop/EDD_Sección%203_Proyecto%201_Feliciani,%20Fermoso,%20Oliveros/src/interfaz/NuevaSimulacion_1.java</file>
            <file>file:/C:/Users/santi/OneDrive/Desktop/EDD_Sección%203_Proyecto%201_Feliciani,%20Fermoso,%20Oliveros/src/interfaz/EliminarCiudad.java</file>
        </group>
    </open-files>
</project-private>
